{
  "accuracy": 0.525,
  "training_samples": 800,
  "test_samples": 200,
  "feature_importance": {
    "airline": 0.202057617310913,
    "origin_airport": 0.19800240353233511,
    "destination_airport": 0.2047550020102277,
    "aircraft_type": 0.07766744780112435,
    "departure_hour": 0.13330630394580995,
    "day_of_week": 0.007239979035148161,
    "flight_duration_minutes": 0.15400130137783738,
    "is_weekend": 0.0,
    "is_peak_hour": 0.022969944986604218
  },
  "features_used": [
    "airline",
    "origin_airport",
    "destination_airport",
    "aircraft_type",
    "departure_hour",
    "day_of_week",
    "flight_duration_minutes",
    "is_weekend",
    "is_peak_hour"
  ],
  "model_type": "RandomForestClassifier",
  "training_timestamp": "2025-07-13T00:20:20.229003"
}