{
  "accuracy": 0.465,
  "training_samples": 800,
  "test_samples": 200,
  "feature_importance": {
    "airline": 0.19103397026185293,
    "origin_airport": 0.20759603283800868,
    "destination_airport": 0.204673305451545,
    "aircraft_type": 0.07500929101617083,
    "departure_hour": 0.13635110616857113,
    "day_of_week": 0.006665786930515295,
    "flight_duration_minutes": 0.15632228644249613,
    "is_weekend": 0.0,
    "is_peak_hour": 0.02234822089084007
  },
  "features_used": [
    "airline",
    "origin_airport",
    "destination_airport",
    "aircraft_type",
    "departure_hour",
    "day_of_week",
    "flight_duration_minutes",
    "is_weekend",
    "is_peak_hour"
  ],
  "model_type": "RandomForestClassifier",
  "training_timestamp": "2025-07-12T15:51:45.059935"
}